{"ae_step": 8, "AE_sample": {"_type": "images/separated", "width": 546, "height": 546, "format": "png", "count": 1, "captions": ["8"]}, "up ae - repaint_loss": 0.06125343218445778, "up ae - score_loss": 0.02505176141858101, "up ae - pr_repaint_score": -0.13745802640914917, "up ae - actual repaint_score": -0.06125343218445778, "up ae - pr_real_score": -0.08298328518867493, "up ae - pr_real_score_loss": 0.01089037861675024, "_runtime": 147, "_timestamp": 1632083160, "_step": 8}