{"ae_step": 9, "AE_sample": {"_type": "images/separated", "width": 546, "height": 546, "format": "png", "count": 1, "captions": ["9"]}, "up ae - repaint_loss": 0.061760228127241135, "up ae - score_loss": 0.011939072981476784, "up ae - pr_repaint_score": -0.035114433616399765, "up ae - actual repaint_score": -0.06176023185253143, "up ae - pr_real_score": 0.013416740112006664, "up ae - pr_real_score_loss": 0.005409605801105499, "_runtime": 2216, "_timestamp": 1632080659, "_step": 9}