{"up d - output_fake": 0.018831107765436172, "up d - output_repaint": 0.01894388534128666, "up d - dis_loss in update d": -0.00011277757585048676, "up d - sma": 0.10090001672506332, "up g - output_fake": 0.01944810524582863, "up g - diff": 0.005751557648181915, "up g - sma": 0.10090001672506332, "ck stop - output_real": -0.05791185423731804, "ck stop - output_repaint": 0.025924373418092728, "_runtime": 857, "_timestamp": 1632086254, "_step": 6}